timestamp,datetime,service/carts/qps(2xx),service/carts/latency,service/catalogue/qps(2xx),service/catalogue/latency,service/front-end/qps(2xx),service/front-end/latency,service/orders/qps(2xx),service/orders/latency,service/payment/qps(2xx),service/payment/latency,service/shipping/qps(2xx),service/shipping/latency,service/user/qps(2xx),service/user/latency
1586622600,2020-04-12 00:30:00,0,null,0,0.004199606500002062,3.3332888903703206,0.0012252714080671714,0,null,0,0.0032608005000014373,0,null,0,0.003996752499999091
1586622610,2020-04-12 00:30:10,0,null,0,0.004199606500002062,19.466688889629648,0.16830778841106475,0,null,0,0.0032608005000014373,0,null,0,0.003996752499999091
1586622620,2020-04-12 00:30:20,85.73333333333333,0.36999129521656493,0,0.004199606500002062,32.83335555629632,0.16777755461039429,0,null,0.2,0.0009584719999313762,0,null,0,0.003996752499999091
1586622630,2020-04-12 00:30:30,85.73333333333333,0.36999129521656493,24.966666666666665,0.003969908567187481,32.83335555629632,0.16777755461039429,0.30002000400080014,0.030817774656019557,0.2,0.0009584719999313762,0,null,153.7384579485983,0.003398322740774189
1586622640,2020-04-12 00:30:40,85.73333333333333,0.36999129521656493,24.966666666666665,0.003969908567187481,160.36666666666665,0.2545774836737592,1.4333533373341334,0.09655929351400576,0.2,0.0009584719999313762,3.1998933368887705,0.0007831772187500974,153.7384579485983,0.003398322740774189
1586622650,2020-04-12 00:30:50,86.86666666666666,0.14125989856599241,24.966666666666665,0.003969908567187481,181.2666666666667,0.2543432130166068,3.766531125481591,0.054768514190211955,11.433333333333334,0.0004558758898481976,3.19989333688877,0.0007831772187500974,153.7384579485983,0.003398322740774189
1586622660,2020-04-12 00:31:00,86.86666666666666,0.14125989856599241,34.733333333333334,0.004053687484715968,181.2666666666667,0.2543432130166068,9.966115618658943,0.0419400551636846,11.433333333333334,0.0004558758898481976,3.19989333688877,0.0007831772187500974,212.42625245825138,0.0031368404618090347
1586622670,2020-04-12 00:31:10,86.86666666666666,0.14125989856599241,34.733333333333334,0.004053687484715968,166.56557892514695,0.0800667045633299,16.63278228532561,0.037542883589908004,11.433333333333334,0.0004558758898481976,20.167338911297048,0.0008920456033059256,212.42625245825138,0.0031368404618090347
1586622680,2020-04-12 00:31:20,98.8,0.023161656769232594,34.733333333333334,0.004053687484715968,167.13224559181361,0.040577683038527074,20.398587999927695,0.03890300575290211,28.533333333333335,0.0005562473787857634,20.167338911297048,0.0008920456033059256,212.42625245825138,0.0031368404618090347
1586622690,2020-04-12 00:31:30,98.8,0.023161656769232594,35.2,0.002795175071853325,167.13224559181361,0.040577683038527074,25.899801389578897,0.03974120498700242,28.533333333333335,0.0005562473787857634,20.167338911297048,0.0008920456033059256,271.6,0.0036659209077450545
1586622700,2020-04-12 00:31:40,98.8,0.023161656769232594,35.2,0.002795175071853325,176.16664118974072,0.057515539753968344,31.199801389578898,0.04695883053394051,28.533333333333335,0.0005562473787857634,32.3,0.001055859859649052,271.6,0.0036659209077450545
1586622710,2020-04-12 00:31:50,103.83333333333334,0.046723250037880595,35.2,0.002795175071853325,176.69997452307408,0.06155759688233571,31.06887710064591,0.051547735824032534,33.166666666666664,0.0006162176328991327,32.3,0.001055859859649052,271.6,0.0036659209077450545
1586622720,2020-04-12 00:32:00,103.83333333333334,0.046723250037880595,34.13333333333333,0.003081147353900635,176.69997452307408,0.06155759688233571,32.16805921381656,0.07674924119067696,33.166666666666664,0.0006162176328991327,32.3,0.001055859859649052,274.79999999999995,0.00409883430037669
1586622730,2020-04-12 00:32:10,103.83333333333334,0.046723250037880595,34.13333333333333,0.003081147353900635,175.13449448314944,0.1281071674164419,32.30115588837185,0.10195723760143519,33.166666666666664,0.0006162176328991327,33.2,0.0010430803433732524,274.79999999999995,0.00409883430037669
1586622740,2020-04-12 00:32:20,102.23333333333333,0.1290510653518142,34.13333333333333,0.003081147353900635,175.13449448314944,0.1406779034609196,33.66643000788862,0.10887284848782884,33.96666666666667,0.0007144789823709715,33.2,0.0010430803433732524,274.79999999999995,0.00409883430037669
1586622750,2020-04-12 00:32:30,102.23333333333333,0.1290510653518142,36.166666666666664,0.0031100467929140144,175.13449448314944,0.1406779034609196,33.53309667455529,0.08811581390125481,33.96666666666667,0.0007144789823709715,33.2,0.0010430803433732524,272.8090936364546,0.004464421037763063
1586622760,2020-04-12 00:32:40,102.23333333333333,0.1290510653518142,36.166666666666664,0.0031100467929140144,176.49999999999997,0.07396243837523807,34.46691889729658,0.06500178511694918,33.96666666666667,0.0007144789823709715,33.833333333333336,0.001218603974384364,272.8090936364546,0.004464421037763063
1586622770,2020-04-12 00:32:50,103.16666666666666,0.034690176468833094,36.166666666666664,0.0031100467929140144,176.09999999999997,0.060709186102421285,33.49791864183469,0.053857232974500215,33.56666666666667,0.0008759230614525317,33.833333333333336,0.001218603974384364,272.8090936364546,0.004464421037763063
1586622780,2020-04-12 00:33:00,103.16666666666666,0.034690176468833094,34.733333333333334,0.0028819421140030845,176.09999999999997,0.060709186102421285,34.86458530850136,0.0526413077524902,33.56666666666667,0.0008759230614525317,33.833333333333336,0.001218603974384364,275.0908303056565,0.004899262326338215
1586622790,2020-04-12 00:33:10,103.16666666666666,0.034690176468833094,34.733333333333334,0.0028819421140030845,178.19999999999996,0.06650142252838913,34.19766641120478,0.05184805009291768,33.56666666666667,0.0008759230614525317,34.6,0.0014679458025044835,275.0908303056565,0.004899262326338215
1586622800,2020-04-12 00:33:20,92.66666666666667,0.05142397510035709,34.733333333333334,0.0028819421140030845,178.7333333333333,0.06904814908643211,33.835534140295884,0.05418320254336573,29.066666666666666,0.0006484284073283891,34.6,0.0014679458025044835,275.0908303056565,0.004899262326338215
1586622810,2020-04-12 00:33:30,92.66666666666667,0.05142397510035709,29.533333333333335,0.015738750503373283,178.7333333333333,0.06904814908643211,31.335534140295884,0.2534488148628863,29.066666666666666,0.0006484284073283891,34.6,0.0014679458025044835,274.9,0.027352491011134312
1586622820,2020-04-12 00:33:40,92.66666666666667,0.05142397510035709,29.533333333333335,0.015738750503373283,154.60005895522227,0.8766675721675814,29.768867473629218,0.5977835173178019,29.066666666666666,0.0006484284073283891,29.7,0.0012284941762068233,274.9,0.027352491011134312
1586622830,2020-04-12 00:33:50,101.33333333333333,0.5565619296773155,29.533333333333335,0.015738750503373283,148.30005895522226,1.133538415857536,31.400000000000002,0.7148485676889562,36.06546448451718,0.0008444739400360798,29.7,0.0012284941762068233,274.9,0.027352491011134312
1586622840,2020-04-12 00:34:00,101.33333333333333,0.5565619296773155,32.56666666666667,0.0036963044790062696,148.30005895522226,1.133538415857536,33.56666666666666,0.5585266241529196,36.06546448451718,0.0008444739400360798,29.7,0.0012284941762068233,241.56666666666666,0.009301618691386312
1586622850,2020-04-12 00:34:10,101.33333333333333,0.5565619296773155,32.56666666666667,0.0036963044790062696,169.46660563314808,0.3694074634977604,34.56666666666667,0.2895487362892864,36.06546448451718,0.0008444739400360798,34.3,0.0010800518600596093,241.56666666666666,0.009301618691386312
1586622860,2020-04-12 00:34:20,103.30000000000001,0.12527896145143558,32.56666666666667,0.0036963044790062696,175.79993896648142,0.18426253039610155,34.03333333333334,0.1687053473525979,34.734491149705,0.0007914964272004706,34.3,0.0010800518600596093,241.56666666666666,0.009301618691386312
1586622870,2020-04-12 00:34:30,103.30000000000001,0.12527896145143558,36.93333333333333,0.0034681768719708366,175.79993896648142,0.18426253039610155,34.63333333333333,0.12058006220886158,34.734491149705,0.0007914964272004706,34.3,0.0010800518600596093,277.93333333333334,0.00541489767550666
1586622880,2020-04-12 00:34:40,103.30000000000001,0.12527896145143558,36.93333333333333,0.0034681768719708366,176.36666666666673,0.10541890084915675,34.13313000677755,0.10167176582897383,34.734491149705,0.0007914964272004706,34.73217559414686,0.0011398049721705907,277.93333333333334,0.00541489767550666
1586622890,2020-04-12 00:34:50,103.93333333333334,0.050079256469851195,36.93333333333333,0.0034681768719708366,176.63333333333338,0.09229272000000303,34.066463340110886,0.09267487305934877,33.43333333333333,0.0005526202577098629,34.73217559414686,0.0011398049721705907,277.93333333333334,0.00541489767550666
1586622900,2020-04-12 00:35:00,103.93333333333334,0.050079256469851195,34.666666666666664,0.005775778873310457,176.63333333333338,0.09229272000000303,32.59979667344422,0.08101897022700182,33.43333333333333,0.0005526202577098629,34.73217559414686,0.0011398049721705907,265.8,0.006100177935177776
1586622910,2020-04-12 00:35:10,103.93333333333334,0.050079256469851195,34.666666666666664,0.005775778873310457,174.46547226203563,0.11497656226499889,33.73355889640766,0.08026847322715534,33.43333333333333,0.0005526202577098629,32.63442114737158,0.0010966396915216444,265.8,0.006100177935177776
1586622920,2020-04-12 00:35:20,95.33333333333334,0.07125522959021305,34.666666666666664,0.005775778873310457,173.798805595369,0.12335436543618838,33.19957562806783,0.10839501077898873,34.49080245267928,0.0007435172668532169,32.63442114737158,0.0010966396915216444,265.8,0.006100177935177776
1586622930,2020-04-12 00:35:30,95.33333333333334,0.07125522959021305,34.333333333333336,0.046093671999027586,173.798805595369,0.12335436543618838,32.099575628067825,0.16640170305113453,34.49080245267928,0.0007435172668532169,32.63442114737158,0.0010966396915216444,279,0.0064039957429645866
1586622940,2020-04-12 00:35:40,95.33333333333334,0.07125522959021305,34.333333333333336,0.046093671999027586,165.93551792341714,0.42865941590764167,31.065391210806233,0.3008175153214321,34.49080245267928,0.0007435172668532169,32.4,0.0012167550390932932,279,0.0064039957429645866
1586622950,2020-04-12 00:35:50,97.23333333333332,0.5636530192293484,34.333333333333336,0.046093671999027586,161.3688512567505,0.5406683488599913,30.964761401761542,0.35290476277877897,30.140366085419934,0.03975629759005853,32.4,0.0012167550390932932,279,0.0064039957429645866
1586622960,2020-04-12 00:36:00,97.23333333333332,0.5636530192293484,30.6,0.07700125251848457,161.3688512567505,0.5406683488599913,32.19809473509488,0.3852049922394196,30.140366085419934,0.03975629759005853,32.4,0.0012167550390932932,243.66666666666663,0.022371667526936007
1586622970,2020-04-12 00:36:10,97.23333333333332,0.5636530192293484,30.6,0.07700125251848457,154.39999999999998,0.5924591731819804,31.96600251239531,0.32631336573897485,30.140366085419934,0.03975629759005853,29.633333333333333,0.0015622012677190145,243.66666666666663,0.022371667526936007
1586622980,2020-04-12 00:36:20,90.3,0.8888461626659251,30.6,0.07700125251848457,155.5,0.5844922411683078,31.335679442268916,0.382391770907147,29.525459877366035,0.0009650863374555096,29.633333333333333,0.0015622012677190145,243.66666666666663,0.022371667526936007
1586622990,2020-04-12 00:36:30,90.3,0.8888461626659251,31.8,0.005041158154784032,155.5,0.5844922411683078,30.96901277560225,0.5624132203119583,29.525459877366035,0.0009650863374555096,29.633333333333333,0.0015622012677190145,240.66666666666663,0.014280024348079191
1586623000,2020-04-12 00:36:40,90.3,0.8888461626659251,31.8,0.005041158154784032,165.89787340421978,0.6296063176498464,30.90150941541476,0.791778469314747,29.525459877366035,0.0009650863374555096,32.8,0.0010766609065048977,240.66666666666663,0.014280024348079191
1586623010,2020-04-12 00:36:50,106.53333333333333,0.08510933572059097,31.8,0.005041158154784032,169.0978734042198,0.5735893079912922,31.36644556292568,0.6552320602820834,35.24273139503868,0.0007326362126668487,32.8,0.0010766609065048977,240.66666666666663,0.014280024348079191
1586623020,2020-04-12 00:37:00,106.53333333333333,0.08510933572059097,33.166666666666664,0.0040558340762386486,169.0978734042198,0.5735893079912922,32.63311222959235,0.36902529853920074,35.24273139503868,0.0007326362126668487,32.8,0.0010766609065048977,270.8090269675656,0.007751192767270753
1586623030,2020-04-12 00:37:10,106.53333333333333,0.08510933572059097,33.166666666666664,0.0040558340762386486,173.9999178543703,0.15490253501687226,34.20023000766692,0.08659543728924383,35.24273139503868,0.0007326362126668487,32.365587813739545,0.0010935473038110436,270.8090269675656,0.007751192767270753
1586623040,2020-04-12 00:37:20,99.63333333333334,0.06182432694646581,33.166666666666664,0.0040558340762386486,175.06658452103696,0.10249709505647465,34.266686681333354,0.08412837534433612,32.45476658558529,0.000656064933466742,32.36558781373954,0.0010935473038110439,270.8090269675656,0.007751192767270753
1586623050,2020-04-12 00:37:30,99.63333333333334,0.06182432694646581,34.7,0.0033262477430694207,175.06658452103696,0.10249709505647465,32.53335334800002,0.07919106688988053,32.45476658558529,0.000656064933466742,32.36558781373954,0.0010935473038110439,269.7576747441752,0.008234049345161738
1586623060,2020-04-12 00:37:40,99.63333333333334,0.06182432694646581,34.7,0.0033262477430694207,175.96785670633466,0.10807329991109046,32.76645667366643,0.08043622718023682,32.45476658558529,0.000656064933466742,33.267775592519754,0.0013042815591184436,269.7576747441752,0.008234049345161738
1586623070,2020-04-12 00:37:50,97.4,0.0867796653145045,34.7,0.0033262477430694207,174.53452337300132,0.11334939058903996,32.09793520153721,0.08287567748868155,33.046551954114975,0.0007530060100850284,33.267775592519754,0.0013042815591184436,269.7576747441752,0.008234049345161738
1586623080,2020-04-12 00:38:00,97.4,0.0867796653145045,32.86666666666667,0.008618245282368068,174.53452337300132,0.11334939058903996,31.031081874425897,0.09231463899195233,33.046551954114975,0.0007530060100850284,33.267775592519754,0.0013042815591184436,253.80846028200943,0.007458347410303622
1586623090,2020-04-12 00:38:10,97.4,0.0867796653145045,32.86666666666667,0.008618245282368068,151.36588682021537,0.4632298955136909,28.89774854109256,0.16142598710648037,33.046551954114975,0.0007530060100850284,28.166666666666668,0.0010586046911257169,253.80846028200943,0.007458347410303622
1586623100,2020-04-12 00:38:20,75.86666666666667,1.5260010952596679,32.86666666666667,0.008618245282368068,143.5992201535487,0.6666254318261972,27.634894038501592,0.3949585235324079,23.633333333333333,0.00070074384529536,28.166666666666668,0.0010586046911257169,253.80846028200943,0.007458347410303622
1586623110,2020-04-12 00:38:30,75.86666666666667,1.5260010952596679,28.233333333333334,0.00416678352893145,143.5992201535487,0.6688288529958597,27.268580704501982,0.8240667211180956,23.633333333333333,0.00070074384529536,28.166666666666668,0.0010586046911257169,219.06666666666666,0.02826952654913524
1586623120,2020-04-12 00:38:40,75.86666666666667,1.5260010952596679,28.233333333333334,0.00416678352893145,149.10111573015644,1.0728974341218223,25.53397659893014,1.25802112203252,23.633333333333333,0.00070074384529536,25.8,0.001041269364341415,219.06666666666666,0.02826952654913524
1586623130,2020-04-12 00:38:50,100.63333333333333,0.14651628675952497,28.233333333333334,0.00416678352893145,156.7677823968231,0.9521451057019573,27.231824815833946,0.9540952290294422,31.933333333333334,0.0006195945531237554,25.8,0.001041269364341415,219.06666666666666,0.02826952654913524
1586623140,2020-04-12 00:39:00,100.63333333333333,0.14651628675952497,33.46666666666667,0.00366306645131844,156.7677823968231,0.9542835560525402,28.964991476944874,0.508108612810504,31.933333333333334,0.0006195945531237554,25.8,0.001041269364341415,265.2911569614346,0.010958467977661156
1586623150,2020-04-12 00:39:10,100.63333333333333,0.14651628675952497,33.46666666666667,0.00366306645131844,173.4,0.2087877497745297,32.76819165257985,0.11938590334148387,31.933333333333334,0.0006195945531237554,34.86666666666667,0.0012618859311662744,265.2911569614346,0.010958467977661156
1586623160,2020-04-12 00:39:20,104.73333333333335,0.06800352476926069,33.46666666666667,0.00366306645131844,174.13333333333335,0.1223917768579353,33.80192940339646,0.11614606074722797,34.4,0.0007327709835601699,34.86666666666667,0.0012618859311662744,265.2911569614346,0.010958467977661156
1586623170,2020-04-12 00:39:30,104.73333333333335,0.06800352476926069,33.86666666666667,0.004008142892938043,174.13333333333335,0.1223917768579353,34.835262736729796,0.10268431204114217,34.4,0.0007327709835601699,34.86666666666667,0.0012618859311662744,274.4666666666667,0.010432055380773594
1586623180,2020-04-12 00:39:40,104.73333333333335,0.06800352476926069,33.86666666666667,0.004008142892938043,172.89344961850685,0.12222977784719047,34,0.08797933881863121,34.4,0.0007327709835601699,33.63333333333333,0.0014299639484634335,274.4666666666667,0.010432055380773594
1586623190,2020-04-12 00:39:50,103.7,0.10401524778078473,33.86666666666667,0.004008142892938043,173.0601162851735,0.12706989662667778,34.03380892059471,0.09408092361480572,34.233333333333334,0.0005966093702559945,33.63333333333333,0.0014299639484634335,274.4666666666667,0.010432055380773594
1586623200,2020-04-12 00:40:00,103.7,0.10401524778078473,34.03333333333333,0.003924947269706113,173.0601162851735,0.12706989662667778,34.86714225392804,0.10666642231608774,34.233333333333334,0.0005966093702559945,33.63333333333333,0.0014299639484634335,276.4092136404547,0.01450566379504909
1586623210,2020-04-12 00:40:10,103.7,0.10401524778078473,34.03333333333333,0.003924947269706113,176.70475982437227,0.13350858912167976,35.56714225392804,0.10964142488231605,34.233333333333334,0.0005966093702559945,35.63333333333333,0.001229045417210411,276.4092136404547,0.01450566379504909
1586623220,2020-04-12 00:40:20,100.23333333333332,0.06928438961423475,34.03333333333333,0.003924947269706113,176.47142649103893,0.12812306486170885,35.06644556292568,0.10380391455955795,34,0.0009626186800441975,35.63333333333333,0.001229045417210411,276.4092136404547,0.01450566379504909
1586623230,2020-04-12 00:40:30,100.23333333333332,0.06928438961423475,33.2655578147395,0.004586148612997861,176.47142649103893,0.12812306486170885,33.899778896259015,0.13122733940542355,34,0.0009626186800441975,35.63333333333333,0.001229045417210411,265.39115362821235,0.011672934399918337
1586623240,2020-04-12 00:40:40,100.23333333333332,0.06928438961423475,33.2655578147395,0.004586148612997861,165.00224451926172,0.30349555343076184,32.63311222959234,0.15819613994932785,34,0.0009626186800441975,31.366666666666667,0.001387246089266097,265.39115362821235,0.011672934399918337
1586623250,2020-04-12 00:40:50,98.23333333333332,0.2967389532531339,33.2655578147395,0.004586148612997861,162.83557785259507,0.3382639264827148,32.1668722290743,0.1825187193633992,31.033333333333335,0.0007642033419056092,31.366666666666667,0.001387246089266097,265.39115362821235,0.011672934399918337
1586623260,2020-04-12 00:41:00,98.23333333333332,0.2967389532531339,36.50121670722358,0.006821304786682086,162.83557785259507,0.3382639264827148,31.566045672615164,0.1680171720732651,31.033333333333335,0.0007642033419056092,31.366666666666667,0.001387246089266097,254.9084969498984,0.011731750686246253
1586623270,2020-04-12 00:41:10,98.23333333333332,0.2967389532531339,36.50121670722358,0.006821304786682086,170.03333333333336,0.1799685579518387,31.232712339281832,0.15331756832912483,31.033333333333335,0.0007642033419056092,31.666666666666668,0.0010337881547373305,254.9084969498984,0.011731750686246253
1586623280,2020-04-12 00:41:20,103,0.12098599024790418,36.50121670722358,0.006821304786682086,172.96666666666673,0.1539355592312888,32.3325067768742,0.134751997256878,34.8655044831839,0.0006295627013358718,31.666666666666668,0.0010337881547373305,254.9084969498984,0.011731750686246253
1586623290,2020-04-12 00:41:30,103,0.12098599024790418,34.43333333333333,0.004680979121540172,172.96666666666673,0.1539355592312888,32.66754233897853,0.12024781673669045,34.8655044831839,0.0006295627013358718,31.666666666666668,0.0010337881547373305,272.52424919169357,0.013359603161909017
1586623300,2020-04-12 00:41:40,103,0.12098599024790418,34.43333333333333,0.004680979121540172,173.76783226107537,0.14865628029462652,34.16754233897853,0.11004737124915503,34.8655044831839,0.0006295627013358718,35.03333333333333,0.0013007653339671423,272.52424919169357,0.013359603161909017
1586623310,2020-04-12 00:41:50,102.36666666666666,0.07584066672321313,34.43333333333333,0.004680979121540172,172.43449892774203,0.14697877982123422,33.16754233897853,0.10547127806142306,34.56781892729758,0.0007335379672781187,35.03333333333333,0.0013007653339671423,272.52424919169357,0.013359603161909017
1586623320,2020-04-12 00:42:00,102.36666666666666,0.07584066672321313,34.56666666666667,0.004223930274631223,172.43449892774203,0.14697877982123422,33.666666666666664,0.10490154638018974,34.56781892729758,0.0007335379672781187,35.03333333333333,0.0013007653339671423,274.6666666666667,0.014146057795172183
1586623330,2020-04-12 00:42:10,102.36666666666666,0.07584066672321313,34.56666666666667,0.004223930274631223,171.50000000000003,0.1712015432933737,34.4,0.10594606578390559,34.56781892729758,0.0007335379672781187,32.7,0.0012320477818551646,274.6666666666667,0.014146057795172183
1586623340,2020-04-12 00:42:20,104.46666666666667,0.12336553931844033,34.56666666666667,0.004223930274631223,170.50000000000003,0.1843331975376042,34.300000000000004,0.11570605824392056,33.3,0.0013566290049867175,32.7,0.0012320477818551646,274.6666666666667,0.014146057795172183
1586623350,2020-04-12 00:42:30,104.46666666666667,0.12336553931844033,33.896610338966106,0.005164804140084666,170.50000000000003,0.1843331975376042,34.03333333333333,0.1327250920244844,33.3,0.0013566290049867175,32.7,0.0012320477818551646,262.70875695856535,0.01887171493582997
1586623360,2020-04-12 00:42:40,104.46666666666667,0.12336553931844033,33.896610338966106,0.005164804140084666,165.76666666666662,0.31898948391099163,33.233333333333334,0.17547896411635253,33.3,0.0013566290049867175,33.1,0.0012784385125884578,262.70875695856535,0.01887171493582997
1586623370,2020-04-12 00:42:50,98,0.2461340644741509,33.896610338966106,0.005164804140084666,165.6666666666666,0.329041600050073,33.1,0.19605028289223123,32.53333333333333,0.003068884464691889,33.1,0.0012784385125884578,262.70875695856535,0.01887171493582997
1586623380,2020-04-12 00:43:00,98,0.2461340644741509,32.46991365803247,0.006563396906618402,165.6666666666666,0.329041600050073,34.06666666666667,0.2277533361330547,32.53333333333333,0.003068884464691889,33.1,0.0012784385125884578,263.8333333333333,0.014077574444505189
1586623390,2020-04-12 00:43:10,98,0.2461340644741509,32.46991365803247,0.006563396906618402,156.33333333333331,0.5136675671512128,31.166464451184957,0.22685524782238964,32.53333333333333,0.003068884464691889,29.66567781073964,0.0009595485460701303,263.8333333333333,0.014077574444505189
1586623400,2020-04-12 00:43:20,90.43333333333334,0.37887797729781575,32.46991365803247,0.006563396906618402,154.2,0.6035442671504975,31.232927791295843,0.25057332997269544,30.498983367221093,0.0006293648224464896,29.665677810739638,0.0009595485460701303,263.8333333333333,0.014077574444505189
1586623410,2020-04-12 00:43:30,90.43333333333334,0.37887797729781575,29.833333333333332,0.015565428406921277,154.2,0.6035442671504975,28.799007849956645,0.32517712521989434,30.498983367221093,0.0006293648224464896,29.665677810739638,0.0009595485460701303,244.05853138228727,0.039146072277033116
1586623420,2020-04-12 00:43:40,90.43333333333334,0.37887797729781575,29.833333333333332,0.015565428406921277,122.5313545104052,0.7738986185669564,29.99940118292005,0.3996022349597867,30.498983367221093,0.0006293648224464896,31.067702256741896,0.0013368990075095929,244.05853138228727,0.039146072277033116
1586623430,2020-04-12 00:43:50,51.93333333333334,0.21221229343132134,29.833333333333332,0.015565428406921277,90.59802117707186,0.8190788457095108,27.999741180698205,0.3954036684651993,17.833333333333332,0.010628585527002058,31.067702256741896,0.0013368990075095929,244.05853138228727,0.039146072277033116
1586623440,2020-04-12 00:44:00,51.93333333333334,0.21221229343132134,18.866666666666667,0.17579771183818815,90.59802117707186,0.8190788457095108,22.333974486707202,0.37033605147731674,17.833333333333332,0.010628585527002058,31.067702256741896,0.0013368990075095929,138.2,0.031117764838028743
1586623450,2020-04-12 00:44:10,51.93333333333334,0.21221229343132134,18.866666666666667,0.17579771183818815,107.83479782659421,2.3690278462113876,17.900450035892174,0.3277414868602559,17.833333333333332,0.010628585527002058,19.899336688777044,0.0007683516750418204,138.2,0.031117764838028743
1586623460,2020-04-12 00:44:20,91.83333333333333,0.3067499445782282,18.866666666666667,0.17579771183818815,107.83479782659421,2.369027846211388,19.366980031336468,0.2852337923420245,30.434347811593724,0.0018909478052491287,19.89933668877704,0.0007683516750418204,138.2,0.031117764838028743
1586623470,2020-04-12 00:44:30,91.83333333333333,0.3067499445782282,23,0.014553236765920512,107.83479782659421,2.369027846211388,23.59980778418497,0.2943553283001711,30.434347811593724,0.0018909478052491287,19.89933668877704,0.0007683516750418204,235.0666666666667,0.0160605537641183
1586623480,2020-04-12 00:44:40,91.83333333333333,0.3067499445782282,23,0.014553236765920512,44.20147338244608,1.5575302606182075,22.999702232147815,0.31937170521784,30.434347811593724,0.0018909478052491287,16.700556685222843,0.000813924213572225,235.0666666666667,0.0160605537641183
1586623490,2020-04-12 00:44:50,null,null,23,0.014553236765920512,44.20147338244608,1.5575302606182075,18.23303556548115,0.481308149678837,1.6992636524172857,0.15391439461110296,16.700556685222843,0.000813924213572225,235.0666666666667,0.0160605537641183
1586623500,2020-04-12 00:45:00,null,null,5.333333333333333,2.0752016994444666,44.20147338244608,1.5575302606182075,7.933230003592477,0.8777221187569707,1.6992636524172857,0.15391439461110296,16.700556685222843,0.000813924213572225,31.00103336777893,0.051217183438821
1586623510,2020-04-12 00:45:10,null,null,5.333333333333333,2.0752016994444666,null,null,1.0000022222962988,3.981156941980296,1.6992636524172857,0.15391439461110296,0.43333333333333335,0.001323432923055197,31.00103336777893,0.051217183438821
1586623520,2020-04-12 00:45:20,null,null,5.333333333333333,2.0752016994444666,null,null,0.20000222229629877,7.436736485793447,0,0.003169374999998808,0.43333333333333335,0.001323432923055197,31.00103336777893,0.051217183438821
1586623530,2020-04-12 00:45:30,null,null,0,0.004106249500001269,null,null,0,null,0,0.003169374999998808,0.43333333333333335,0.001323432923055197,0,0.00455037599999919
1586623540,2020-04-12 00:45:40,null,null,0,0.004106249500001269,0.3333333333333333,0.0024250284000000006,0,null,0,0.003169374999998808,0,null,0,0.00455037599999919
1586623550,2020-04-12 00:45:50,null,null,0,0.004106249500001269,0.3333333333333333,0.0024250284000000006,0,null,0,0.002149488000000588,0,null,0,0.00455037599999919
1586623560,2020-04-12 00:46:00,null,null,0,0.007457171500000471,0.3333333333333333,0.0024250284000000006,0,null,0,0.002149488000000588,0,null,0,0.004353585499998759
1586623570,2020-04-12 00:46:10,null,null,0,0.007457171500000471,0.3333333333333333,0.0023959436999999987,0,null,0,0.002149488000000588,0,null,0,0.004353585499998759
1586623580,2020-04-12 00:46:20,null,null,0,0.007457171500000471,0.3333333333333333,0.0023959436999999987,0,null,0,0.0034421259999983054,0,null,0,0.004353585499998759
1586623590,2020-04-12 00:46:30,null,null,0,0.0023582104999988474,0.3333333333333333,0.0023959436999999987,0,null,0,0.0034421259999983054,0,null,0,0.010905606999999169
1586623600,2020-04-12 00:46:40,null,null,0,0.0023582104999988474,0.3333333333333333,0.0013517393999999989,0,null,0,0.0034421259999983054,0,null,0,0.010905606999999169
1586623610,2020-04-12 00:46:50,null,null,0,0.0023582104999988474,0.3333333333333333,0.0013517393999999989,0,null,0,0.004839263000000926,0,null,0,0.010905606999999169
1586623620,2020-04-12 00:47:00,null,null,0,0.0031170775000006756,0.3333333333333333,0.0013517393999999989,0,null,0,0.004839263000000926,0,null,0,0.005601972000000899
1586623630,2020-04-12 00:47:10,null,null,0,0.0031170775000006756,0.3333333333333333,0.0015408537000000003,0,null,0,0.004839263000000926,0,null,0,0.005601972000000899
1586623640,2020-04-12 00:47:20,null,null,0,0.0031170775000006756,0.3333333333333333,0.0015408537000000003,0,null,0,0.0019188925000008792,0,null,0,0.005601972000000899
1586623650,2020-04-12 00:47:30,null,null,0,0.003185283500002356,0.3333333333333333,0.0015408537000000003,0,null,0,0.0019188925000008792,0,null,0,0.0041220820000003044
1586623660,2020-04-12 00:47:40,null,null,0,0.003185283500002356,0.3333333333333333,0.002838508599999999,0,null,0,0.0019188925000008792,0,null,0,0.0041220820000003044
1586623670,2020-04-12 00:47:50,null,null,0,0.003185283500002356,0.3333333333333333,0.002838508599999999,0,null,0,0.012190678999999705,0,null,0,0.0041220820000003044
1586623680,2020-04-12 00:48:00,null,null,19.5,0.013387218483784965,0.9962555570371358,0.024554835922419943,0,null,0,0.012190678999999705,0,null,84.6,0.03336740180236749
1586623690,2020-04-12 00:48:10,null,null,19.5,0.013387218483784965,1.0000222237038023,0.03276715019190183,0,null,0,0.012190678999999705,0,null,84.6,0.03336740180236749
1586623700,2020-04-12 00:48:20,null,null,19.5,0.013387218483784965,1.0000222237038023,0.03764784489207465,0,null,0,0.0058221840000030065,0,null,84.6,0.03336740180236749
1586623710,2020-04-12 00:48:30,null,null,20.6,0.00964888275375784,25.076693667566698,1.3157060894574122,0,null,0,0.0058221840000030065,0,null,200.73333333333332,0.020086566229237386
1586623720,2020-04-12 00:48:40,null,null,20.6,0.00964888275375784,39.3342100292232,1.5675663410013074,0,null,0,0.0058221840000030065,0,null,200.73333333333332,0.020086566229237386
1586623730,2020-04-12 00:48:50,null,null,20.6,0.00964888275375784,39.3342100292232,1.859975435181641,0,null,0,0.0030216130000013663,0,null,200.73333333333332,0.020086566229237386
1586623740,2020-04-12 00:49:00,null,null,6.466666666666667,0.003896471708177511,23.166666666666664,5.312629824559816,0,null,0,0.0030216130000013663,0,null,50.4,0.004834942248354085
1586623750,2020-04-12 00:49:10,null,null,6.466666666666667,0.003896471708177511,14.133333333333333,10.35418270655344,0,null,0,0.0030216130000013663,0,null,50.4,0.004834942248354085
1586623760,2020-04-12 00:49:20,null,null,6.466666666666667,0.003896471708177511,14.133333333333333,12.120080928154113,0,null,0,0.0037281469999991637,0,null,50.4,0.004834942248354085
1586623770,2020-04-12 00:49:30,null,null,6.8,0.0036076780534972375,14.066666666666668,16.973426208572437,0,null,0,0.0037281469999991637,0,null,56.833333333333336,0.007362367080236762
1586623780,2020-04-12 00:49:40,null,null,6.8,0.0036076780534972375,14.8,20.41545906485589,0,null,0,0.0037281469999991637,0,null,56.833333333333336,0.007362367080236762
1586623790,2020-04-12 00:49:50,null,null,6.8,0.0036076780534972375,14.8,21.498072895569365,0,null,0,0.0024183025000006353,0,null,56.833333333333336,0.007362367080236762
1586623800,2020-04-12 00:50:00,null,null,6.666666666666667,0.003011796911474401,15.566666666666665,21.923489107656263,0,null,0,0.0024183025000006353,0,null,56.766666666666666,0.004761819744814073
1586623810,2020-04-12 00:50:10,null,null,6.666666666666667,0.003011796911474401,16.266666666666666,21.627173037364283,0,null,0,0.0024183025000006353,0,null,56.766666666666666,0.004761819744814073
1586623820,2020-04-12 00:50:20,null,null,6.666666666666667,0.003011796911474401,16.266666666666666,21.627173037364283,0,null,0,0.0018385400000013874,0,null,56.766666666666666,0.004761819744814073
1586623830,2020-04-12 00:50:30,null,null,10.7,0.008452485823039167,18.866666666666667,14.167878790703751,0.8666666666666667,2.1492985415000545,0,0.0018385400000013874,0,null,52.86666666666667,0.003629425414339277
1586623840,2020-04-12 00:50:40,null,null,10.7,0.008452485823039167,21.63333333333333,8.86712937744954,0.8666666666666667,2.1492985415000545,0,0.0018385400000013874,8.9,0.001273721917604054,52.86666666666667,0.003629425414339277
1586623850,2020-04-12 00:50:50,null,null,10.7,0.008452485823039167,21.63333333333333,8.86712937744954,6.433333333333333,0.7460082842850275,25.300843361445384,0.0005928359671857858,8.9,0.001273721917604054,52.86666666666667,0.003629425414339277
1586623860,2020-04-12 00:51:00,80.62868666666667,0.6460956771816453,31.566666666666666,0.010301948421384377,90.05536388888888,1.762097521824559,17.566036729660368,0.35992223387895883,25.300843361445384,0.0005928359671857858,8.9,0.001273721917604054,220.3,0.017676566166828292
1586623870,2020-04-12 00:51:10,93.82286666666667,0.555236135528084,31.566666666666666,0.010301948421384377,141.54206944444445,0.7365510042945801,17.566036729660368,0.35992223387895883,25.300843361445384,0.0005928359671857858,32.03333333333333,0.0012234220749215731,220.3,0.017676566166828292
1586623880,2020-04-12 00:51:20,95.6,0.5449147061942123,31.566666666666666,0.010301948421384377,146.19425222222222,0.7236935000935714,29.342228949327122,0.3192684174328876,33,0.0011521958193749244,32.03333333333333,0.0012234220749215731,220.3,0.017676566166828292
1586623890,2020-04-12 00:51:30,96.36666666666667,0.10682592388343107,32,0.012798298071700225,165.0666666666667,0.3701453251714465,32.38355120393031,0.24894762812131094,33,0.0011521958193749244,32.03333333333333,0.0012234220749215731,260.3,0.020074419443859536
1586623900,2020-04-12 00:51:40,96.36666666666667,0.10682592388343107,32,0.012798298071700225,166.5666666666667,0.3529983757148268,32.66660787981889,0.24679049297138625,33,0.0011521958193749244,32.1,0.0009732526583575104,260.3,0.020074419443859536
1586623910,2020-04-12 00:51:50,96.36666666666667,0.10682592388343107,32,0.012798298071700225,166.5666666666667,0.3529983757148268,32.80040343478237,0.17652824444113163,32.1,0.0008471491585510781,32.1,0.0009732526583575104,260.3,0.020074419443859536
1586623920,2020-04-12 00:52:00,99.9,0.07540615903770341,32.8,0.029719442101515756,164.79999999999998,0.30182338048037854,33.0006355905206,0.17385066042128527,32.1,0.0008471491585510781,32.1,0.0009732526583575104,264.56666666666666,0.02857582501840724
1586623930,2020-04-12 00:52:10,99.9,0.07540615903770341,32.8,0.029719442101515756,163.76820555555554,0.312087353838981,33.0006355905206,0.17385066042128527,32.1,0.0008471491585510781,32.96666666666667,0.001332036934278705,264.56666666666666,0.02857582501840724
1586623940,2020-04-12 00:52:20,99.9,0.07540615903770341,32.8,0.029719442101515756,164.10522777777777,0.3114974975580601,32.60041336089073,0.17593286677731132,32,0.0013453064241240485,32.96666666666667,0.001332036934278705,264.56666666666666,0.02857582501840724
1586623950,2020-04-12 00:52:30,96.43333333333334,0.07410659363843841,32.93333333333333,0.023833803570656613,166.7666666666667,0.24282161947602915,32.2,0.16690021773291408,32,0.0013453064241240485,32.96666666666667,0.001332036934278705,261.53333333333336,0.023284109212260096
1586623960,2020-04-12 00:52:40,96.43333333333334,0.07410659363843841,32.93333333333333,0.023833803570656613,166.70000000000005,0.23159363486490825,32.2,0.16690021773291408,32,0.0013453064241240485,32.398920035998806,0.0015839421779844307,261.53333333333336,0.023284109212260096
1586623970,2020-04-12 00:52:50,96.43333333333334,0.07410659363843841,32.93333333333333,0.023833803570656613,166.70000000000005,0.2315937171231017,32.266666666666666,0.15161967499793425,33.164455702953134,0.001065672629264337,32.3989200359988,0.0015839421779844309,261.53333333333336,0.023284109212260096
1586623980,2020-04-12 00:53:00,95.23333333333333,0.07597460852852575,31.733333333333334,0.026058293530356644,165.73333333333332,0.26783391343305385,32.73313111785163,0.14893338493899633,33.164455702953134,0.001065672629264337,32.3989200359988,0.0015839421779844309,253,0.020749333992345662
1586623990,2020-04-12 00:53:10,95.23333333333333,0.07597460852852575,31.733333333333334,0.026058293530356644,164.7857904558784,0.2599922715400967,32.73313111785163,0.14893338493899633,33.164455702953134,0.001065672629264337,31.901063368778964,0.001481508150469569,253,0.020749333992345662
1586624000,2020-04-12 00:53:20,95.23333333333333,0.07597460852852575,31.733333333333334,0.026058293530356644,164.7857904558784,0.259998630440907,33.56646445118496,0.13401103976189055,33.16887792519501,0.0018879365200884107,31.901063368778964,0.001481508150469569,253,0.020749333992345662
1586624010,2020-04-12 00:53:30,101.96666666666667,0.060916603763975744,32.8,0.03137131064298858,167.68579045587845,0.21791539466501195,33.80021778503728,0.13595489615180142,33.16887792519501,0.0018879365200884107,31.901063368778964,0.001481508150469569,276.2666666666667,0.026719140352577886
1586624020,2020-04-12 00:53:40,101.96666666666667,0.060916603763975744,32.8,0.03137131064298858,171.2484929314484,0.2174905107686725,33.80021778503728,0.13595489615180142,33.16887792519501,0.0018879365200884107,33.166666666666664,0.0018008207135681372,276.2666666666667,0.026719140352577886
1586624030,2020-04-12 00:53:50,101.96666666666667,0.060916603763975744,32.8,0.03137131064298858,171.2484929314484,0.21748562326548004,32.36631784169828,0.14085063686975516,33.7,0.00235845433629451,33.166666666666664,0.0018008207135681372,276.2666666666667,0.026719140352577886
1586624040,2020-04-12 00:54:00,95.4,0.08460199234347018,32.266666666666666,0.05123790019380736,168.38182626478172,0.24561603096866833,31.799433389994338,0.15825047871898468,33.7,0.00235845433629451,33.166666666666664,0.0018008207135681372,263.43333333333334,0.03304251166329854
1586624050,2020-04-12 00:54:10,95.4,0.08460199234347018,32.266666666666666,0.05123790019380736,165.26666666666668,0.2724011133438765,31.799433389994338,0.15825047871898468,33.7,0.00235845433629451,33.03333333333333,0.0018673544550970535,263.43333333333334,0.03304251166329854
1586624060,2020-04-12 00:54:20,95.4,0.08460199234347018,32.266666666666666,0.05123790019380736,165.26666666666668,0.27240324057514154,32.96560573237794,0.15820554668305292,32.833333333333336,0.001250126747720968,33.03333333333333,0.0018673544550970535,263.43333333333334,0.03304251166329854
1586624070,2020-04-12 00:54:30,100.56666666666666,0.06461529628836608,33.56666666666667,0.026035158055485598,166.26666666666665,0.24505586748829553,33.36560573237794,0.15145792288209925,32.833333333333336,0.001250126747720968,33.03333333333333,0.0018673544550970535,261.3666666666667,0.040372725772924264
1586624080,2020-04-12 00:54:40,100.56666666666666,0.06461529628836608,33.56666666666667,0.026035158055485598,167.02970024220605,0.235322790003801,33.36560573237794,0.15145792288209925,32.833333333333336,0.001250126747720968,33.1,0.002224923573010131,261.3666666666667,0.040372725772924264
1586624090,2020-04-12 00:54:50,100.56666666666666,0.06461529628836608,33.56666666666667,0.026035158055485598,167.02970024220605,0.23532933339185957,33.33500489019294,0.14750986560091459,31.966666666666665,0.001281695390221742,33.1,0.002224923573010131,261.3666666666667,0.040372725772924264
1586624100,2020-04-12 00:55:00,100.46666666666667,0.07669905754844107,32.06559781340622,0.027847384586521074,168.79636690887276,0.23222940269958645,32.73478823074826,0.14818616691491787,31.966666666666665,0.001281695390221742,33.1,0.002224923573010131,265.96666666666664,0.03391702848792847
1586624110,2020-04-12 00:55:10,100.46666666666667,0.07669905754844107,32.06559781340622,0.027847384586521074,169.43700913394227,0.22650639546783738,32.73478823074826,0.14818616691491787,31.966666666666665,0.001281695390221742,33.1,0.002319414594159646,265.96666666666664,0.03391702848792847
1586624120,2020-04-12 00:55:20,100.46666666666667,0.07669905754844107,32.06559781340622,0.027847384586521074,169.43700913394227,0.22650475167972214,33.799783340555315,0.16583387919834672,35.166666666666664,0.0013651360482958414,33.1,0.002319414594159646,265.96666666666664,0.03391702848792847
1586624130,2020-04-12 00:55:30,99.1,0.07725408510830793,33.06776892563086,0.034221574330388776,165.73700913394228,0.25909267559559507,34.20020334011134,0.17026122361098672,35.166666666666664,0.0013651360482958414,33.1,0.002319414594159646,269.6333333333333,0.0439421164794861
1586624140,2020-04-12 00:55:40,99.1,0.07725408510830793,33.06776892563086,0.034221574330388776,164.44333455502618,0.2714693139362034,34.20020334011134,0.17026122361098672,35.166666666666664,0.0013651360482958414,33.3,0.0026563235315302815,269.6333333333333,0.0439421164794861
1586624150,2020-04-12 00:55:50,99.1,0.07725408510830793,33.06776892563086,0.034221574330388776,164.44333455502618,0.27146043540673986,31.733536673444675,0.1376420217758777,32.2,0.0010765140537134159,33.3,0.0026563235315302815,269.6333333333333,0.0439421164794861
1586624160,2020-04-12 00:56:00,100.30000000000001,0.060185315566303355,34.4,0.0172018925841145,169.64333455502617,0.21441688722288485,32,0.12511739762499,32.2,0.0010765140537134159,33.3,0.0026563235315302815,260.8666666666667,0.03215437992092358
1586624170,2020-04-12 00:56:10,100.30000000000001,0.060185315566303355,34.4,0.0172018925841145,170.55700359044476,0.19380001287585422,32,0.12511739762499,32.2,0.0010765140537134159,32.266666666666666,0.0022317624999999685,260.8666666666667,0.03215437992092358
1586624180,2020-04-12 00:56:20,100.30000000000001,0.060185315566303355,34.4,0.0172018925841145,170.69033692377812,0.1936573589783725,32.86666666666667,0.1252308928448274,34.1,0.0008690261980522925,32.266666666666666,0.0022317624999999685,260.8666666666667,0.03215437992092358
1586624190,2020-04-12 00:56:30,101,0.03453963847194736,33.7,0.009352710748420118,168.32367025711142,0.19709188002439645,32.666666666666664,0.12405674613469629,34.1,0.0008690261980522925,32.266666666666666,0.0022317624999999685,266.83333333333337,0.042114608270877554
1586624200,2020-04-12 00:56:40,101,0.03453963847194736,33.7,0.009352710748420118,170.06666666666666,0.19628343457372102,32.666666666666664,0.12405674613469629,34.1,0.0008690261980522925,32.86666666666667,0.0015462778742421765,266.83333333333337,0.042114608270877554
1586624210,2020-04-12 00:56:50,101,0.03453963847194736,33.7,0.009352710748420118,170.26666666666668,0.19605239526970333,32.09921339821619,0.12601251058028448,29.766666666666666,0.0007771903191970962,32.86666666666667,0.0015462778742421765,266.83333333333337,0.042114608270877554
1586624220,2020-04-12 00:57:00,95.16666666666666,0.04596781802521943,33.5,0.009928226135109318,170.63333333333333,0.19868972670062424,31.732546731549522,0.1212035187793796,29.766666666666666,0.0007771903191970962,32.86666666666667,0.0015462778742421765,249.9666666666667,0.0349191443184946
1586624230,2020-04-12 00:57:10,95.16666666666666,0.04596781802521943,33.5,0.009928226135109318,167.86666666666667,0.19810784626899233,31.732546731549522,0.1212035187793796,29.766666666666666,0.0007771903191970962,31.9,0.0012361287513046792,249.9666666666667,0.0349191443184946
1586624240,2020-04-12 00:57:20,95.16666666666666,0.04596781802521943,33.5,0.009928226135109318,167.86666666666667,0.19812383703372158,32.66751006967315,0.14862612354392518,34.43333333333333,0.0008961146769837272,31.9,0.0012361287513046792,249.9666666666667,0.0349191443184946
1586624250,2020-04-12 00:57:30,99.1,0.0629579427225022,33.13333333333333,0.014986812375895235,165.76666666666665,0.21553383882040966,31.86751006967315,0.16497310404526921,34.43333333333333,0.0008961146769837272,31.9,0.0012361287513046792,269.06666666666666,0.050296713023540614
1586624260,2020-04-12 00:57:40,99.1,0.0629579427225022,33.13333333333333,0.014986812375895235,166.76666666666665,0.22673196584374677,31.86751006967315,0.16497310404526921,34.43333333333333,0.0008961146769837272,32.86666666666667,0.0029590995882357893,269.06666666666666,0.050296713023540614
1586624270,2020-04-12 00:57:50,99.1,0.0629579427225022,33.13333333333333,0.014986812375895235,166.76666666666665,0.22672010991658656,32.53333333333333,0.13480686974999473,32.29892336922102,0.0010722431915567159,32.86666666666667,0.0029590995882357893,269.06666666666666,0.050296713023540614
1586624280,2020-04-12 00:58:00,100.96666666666667,0.03473428113040546,32.43333333333333,0.014538072598029488,171.66293580427973,0.21090150337798197,34.19975445262936,0.12755623951034964,32.29892336922102,0.0010722431915567159,32.86666666666667,0.0029590995882357893,265.73333333333335,0.038901603040140655
1586624290,2020-04-12 00:58:10,100.96666666666667,0.03473428113040546,32.43333333333333,0.014538072598029488,171.9296024709464,0.19996669053775618,34.19975445262936,0.12755623951034964,32.29892336922102,0.0010722431915567159,32.333333333333336,0.001612449715465343,265.73333333333335,0.038901603040140655
1586624300,2020-04-12 00:58:20,100.96666666666667,0.03473428113040546,32.43333333333333,0.014538072598029488,171.9296024709464,0.19995653349730946,31.76642111929602,0.1462698578100862,32.23440781359379,0.0008284668876298397,32.333333333333336,0.001612449715465343,265.73333333333335,0.038901603040140655
1586624310,2020-04-12 00:58:30,94.23333333333333,0.05086456965511115,33.53333333333333,0.013675987637237675,165.63695801942353,0.22560803483040626,31.900222229629875,0.1553267855792944,32.23440781359379,0.0008284668876298397,32.333333333333336,0.001612449715465343,257.06666666666666,0.05153927724865526
1586624320,2020-04-12 00:58:40,94.23333333333333,0.05086456965511115,33.53333333333333,0.013675987637237675,163.6369580194235,0.24348080094304642,31.900222229629875,0.1553267855792944,32.23440781359379,0.0008284668876298397,31.866666666666667,0.0009940937510459454,257.06666666666666,0.05153927724865526
1586624330,2020-04-12 00:58:50,94.23333333333333,0.05086456965511115,33.53333333333333,0.013675987637237675,163.6369580194235,0.24348515617529984,33.232882296956475,0.15192837489071956,33.56666666666667,0.0005574081110002666,31.866666666666667,0.0009940937510459454,257.06666666666666,0.05153927724865526
1586624340,2020-04-12 00:59:00,102.76666666666665,0.028453852759972028,32.96666666666667,0.010336688470264931,167.96476339677568,0.23753527710124045,32.4326600673266,0.13917029427169703,33.56666666666667,0.0005574081110002666,31.866666666666667,0.0009940937510459454,268.6333333333333,0.04954620236907615
